Ingredient,Jenis Kulit Cocok,Alasan Jenis Kulit Cocok,Jenis Kulit Tidak Cocok,Alasan Jenis Kulit Tidak Cocok,Masalah Kulit Cocok,Alasan Masalah Kulit Cocok,Masalah Kulit Tidak Cocok,Alasan Masalah Kulit Tidak Cocok
Ammonium Lauryl Sulfate,Berminyak,Efektif mengangkat sebum berlebih.,"Kering, Kombinasi",Dapat menghilangkan lipid alami kulit sehingga memperburuk kekeringan dan skin barrier.,Berjerawat,Membantu membersihkan minyak berlebih yang berkontribusi terhadap jerawat.,"Kemerahan, Aging",Berpotensi meningkatkan iritasi dan memperburuk skin barrier.
Cocamidopropyl Betaine,"Normal, Berminyak, Kombinasi",Surfactant lembut untuk pembersihan harian.,-,-,Berjerawat,Membersihkan minyak dan kotoran tanpa terlalu mengeringkan kulit.,Kemerahan,Pada sebagian orang dapat menyebabkan dermatitis kontak.
Sodium Cocoyl Glutamate,"Normal, Berminyak, Kering, Kombinasi",Surfactant berbasis asam amino yang sangat lembut.,-,-,"Berjerawat, Kemerahan",Membersihkan kulit tanpa merusak skin barrier.,-,-
Disodium Cocoyl Glutamate,"Normal, Berminyak, Kering, Kombinasi",Menjaga kelembapan kulit saat proses pembersihan.,-,-,"Berjerawat, Kemerahan",Risiko iritasi rendah sehingga cocok untuk kulit sensitif dan berjerawat.,-,-
Coco-Glucoside,"Normal, Berminyak, Kering, Kombinasi",Surfactant non-ionik yang lembut.,-,-,"Berjerawat, Kemerahan",Membersihkan kulit dengan risiko iritasi rendah.,-,-
Glycerin,"Normal, Berminyak, Kering, Kombinasi",Humectant yang menjaga hidrasi dan memperbaiki skin barrier.,-,-,"Aging, Kusam, PIE, Kemerahan",Membantu menjaga kelembapan dan mempercepat pemulihan skin barrier.,-,-
Cetyl Alcohol,"Normal, Kering, Kombinasi",Emollient yang membantu melembapkan kulit.,Berminyak,Pada kulit sangat berminyak dapat terasa terlalu berat.,"Aging, Kemerahan",Membantu memperbaiki skin barrier dan mengurangi kekeringan.,-,-
Glyceryl Oleate,"Normal, Kering",Emollient yang meningkatkan kelembapan kulit.,Berminyak,Dapat terasa terlalu oklusif pada kulit sangat berminyak.,"Aging, Kusam",Membantu melembapkan dan menghaluskan kulit.,Berjerawat,Pada sebagian kulit acne-prone dapat meningkatkan risiko pori tersumbat.
Phenoxyethanol,-,-,-,-,-,-,Kemerahan,Pada kulit yang sangat sensitif dapat menyebabkan iritasi ringan.
Crocus Sativus (Saffron) Flower Extract,"Normal, Berminyak, Kering, Kombinasi",Antioksidan yang aman digunakan pada berbagai jenis kulit.,-,-,"PIH, Kusam, Aging",Membantu melawan radikal bebas dan mendukung efek brightening.,-,-
Cucumis Sativus (Cucumber) Fruit Extract,"Normal, Berminyak, Kering, Kombinasi",Memiliki efek soothing dan melembapkan.,-,-,"Kemerahan, PIE, Kusam",Membantu menenangkan kulit dan mengurangi inflamasi ringan.,-,-
Menthyl Lactate,Berminyak,Memberikan sensasi segar yang nyaman pada kulit berminyak.,Kering,Dapat meningkatkan rasa perih pada kulit yang kering atau skin barrier terganggu.,-,-,Kemerahan,Sensasi dingin dapat memperburuk rasa tidak nyaman pada kulit yang meradang.
Methylchloroisothiazolinone,-,-,"Normal, Berminyak, Kering, Kombinasi",Pengawet dengan risiko tinggi menyebabkan allergic contact dermatitis pada semua jenis kulit.,-,-,"Kemerahan, PIE",Berpotensi memicu atau memperparah inflamasi kulit.
Methylisothiazolinone,-,-,"Normal, Berminyak, Kering, Kombinasi",Dikenal sebagai salah satu alergen kontak yang paling sering dilaporkan.,-,-,"Kemerahan, PIE",Dapat menyebabkan iritasi dan dermatitis kontak.
Tocopheryl Acetate,"Normal, Berminyak, Kering, Kombinasi",Antioksidan yang membantu melindungi kulit.,-,-,"Aging, Kusam, PIH",Membantu mengurangi stres oksidatif dan mendukung regenerasi kulit.,-,-
Punica Granatum (Pomegranate) Fruit Extract,"Normal, Berminyak, Kering, Kombinasi",Kaya antioksidan sehingga cocok untuk berbagai jenis kulit.,-,-,"Aging, Kusam, PIH",Membantu melindungi kulit dari kerusakan akibat radikal bebas.,-,-
Menthol,Berminyak,Memberikan sensasi segar pada kulit berminyak.,Kering,Dapat memperburuk kekeringan dan mengganggu skin barrier.,-,-,Kemerahan,Dapat memicu sensasi menyengat dan meningkatkan iritasi.
Glycyrrhiza Glabra (Licorice) Root Extract,"Normal, Berminyak, Kering, Kombinasi",Memiliki sifat anti-inflamasi dan aman digunakan pada berbagai jenis kulit.,-,-,"Berjerawat, PIE, PIH, Kusam, Kemerahan",Membantu mengurangi inflamasi dan menghambat pembentukan melanin.,-,-
Vateria Indica (White Dammar) Bark Extract,"Normal, Berminyak",Memiliki aktivitas antimikroba dan antioksidan.,-,-,Berjerawat,Berpotensi membantu menghambat pertumbuhan mikroorganisme penyebab jerawat.,Kemerahan,Bukti klinis masih terbatas dan berpotensi mengiritasi kulit yang sedang meradang.
Fragrance,-,-,"Normal, Berminyak, Kering, Kombinasi",Tidak memberikan manfaat pada kulit dan merupakan salah satu penyebab paling umum allergic contact dermatitis serta iritasi.,-,-,"Kemerahan, PIE",Dapat memicu atau memperburuk inflamasi pada kulit sensitif dan kulit dengan skin barrier yang terganggu.
Sodium Laureth Sulfate,Berminyak,Efektif mengangkat sebum sehingga cocok untuk kulit berminyak.,"Kering, Kombinasi",Dapat mengurangi lipid alami kulit dan meningkatkan TEWL sehingga kulit menjadi lebih kering.,-,-,Kemerahan,Berpotensi mengganggu skin barrier dan memperburuk iritasi pada kulit yang sedang meradang.
Methylparaben,-,-,-,-,-,-,-,Pada konsentrasi yang diizinkan umumnya aman dan tidak terbukti memperburuk kondisi kulit tertentu.
Ethylparaben,-,-,-,-,-,-,-,"Sama seperti methylparaben, profil keamanannya baik dalam kosmetik."
Propylparaben,-,-,-,-,-,-,-,"Umumnya aman pada konsentrasi yang diizinkan, hanya sebagian kecil individu yang mengalami alergi."
Butylparaben,-,-,-,-,-,-,-,Tidak memiliki hubungan langsung dengan jenis maupun masalah kulit pada penggunaan kosmetik normal.
Propylene Glycol,"Normal, Berminyak, Kering, Kombinasi",Humectant yang membantu mempertahankan kadar air di stratum corneum sehingga meningkatkan hidrasi kulit.,-,-,"Aging, Kusam",Hidrasi yang baik membantu memperbaiki tampilan kulit kusam dan mengurangi tampilan garis halus akibat kulit kering.,Kemerahan,"Pada sebagian kecil individu dapat menyebabkan iritasi atau sensasi menyengat, terutama jika skin barrier terganggu."
Butylene Glycol,"Normal, Berminyak, Kering, Kombinasi",Humectant dan skin conditioning agent yang meningkatkan hidrasi kulit.,-,-,"Aging, Kusam",Menjaga kelembapan sehingga kulit tampak lebih sehat dan tidak kusam.,-,-
PEG-26 Jojoba Acid,"Normal, Berminyak, Kering, Kombinasi",Skin conditioning agent yang membantu melembapkan dan menjaga kelembutan kulit.,-,-,"Aging, Kusam",Membantu memperbaiki kondisi permukaan kulit melalui efek emollient.,-,-
Alcohol/Ethanol/Alcohol Denat,Berminyak,Membantu mengurangi rasa berminyak dan memberikan sensasi ringan pada kulit.,"Kering, Kombinasi",Dapat melarutkan lipid alami kulit sehingga memperburuk kekeringan dan mengganggu skin barrier.,-,-,"Berjerawat, Kemerahan, Aging","Dapat meningkatkan iritasi, memperburuk skin barrier, dan menyebabkan kulit semakin kering sehingga kurang sesuai untuk kondisi tersebut."
Simmondsia Chinensis (Jojoba) Seed Oil,"Normal, Berminyak, Kering, Kombinasi",Komposisinya menyerupai sebum alami sehingga membantu menjaga keseimbangan kelembapan tanpa terasa terlalu berat pada sebagian besar kulit.,-,-,"Aging, Kusam, Kemerahan",Bersifat emollient dan memiliki aktivitas antioksidan serta anti-inflamasi ringan yang membantu memperbaiki skin barrier.,-,-
Matricaria (Chamomilla Recutita) Extract,"Normal, Berminyak, Kering, Kombinasi",Mengandung bisabolol dan flavonoid yang bersifat soothing sehingga umumnya cocok untuk semua jenis kulit.,-,-,"Berjerawat, PIE, Kemerahan",Memiliki aktivitas anti-inflamasi yang membantu menenangkan kulit dan mengurangi kemerahan akibat inflamasi.,-,-
Lauramidopropyl Hydroxysultaine,"Normal, Berminyak, Kering, Kombinasi",Surfactant amfoter yang sangat lembut sehingga cocok untuk berbagai jenis kulit.,-,-,-,-,-,-
Sodium Cocoyl Glycinate,"Normal, Berminyak, Kering, Kombinasi",Surfactant berbasis asam amino yang menjaga skin barrier dan tidak mudah menyebabkan kulit kering.,-,-,-,-,-,-
Niacinamide,"Normal, Berminyak, Kering, Kombinasi","Membantu mengontrol produksi sebum, memperkuat skin barrier, dan meningkatkan hidrasi sehingga sesuai untuk berbagai jenis kulit.",-,-,"Berjerawat, PIE, PIH, Aging, Kusam, Kemerahan","Memiliki efek anti-inflamasi, membantu mengurangi hiperpigmentasi, meningkatkan fungsi skin barrier, dan mendukung sintesis ceramide.",-,-
Coconut Acid,Berminyak,Membantu proses pembersihan minyak sebagai komponen sabun.,Kering,Dapat meningkatkan kekeringan apabila digunakan dalam bentuk sabun dengan pH tinggi.,-,-,Kemerahan,Dapat meningkatkan iritasi pada kulit dengan skin barrier yang terganggu.
Sodium Cocoate,Berminyak,Sabun yang efektif mengangkat minyak dan kotoran.,"Kering, Kombinasi",Bersifat alkalis sehingga dapat mengganggu skin barrier dan menyebabkan kulit terasa kering.,-,-,Kemerahan,pH yang tinggi dapat memperburuk iritasi pada kulit yang sedang meradang.
Pentylene Glycol,"Normal, Berminyak, Kering, Kombinasi",Humectant yang membantu menjaga kelembapan kulit sekaligus meningkatkan kenyamanan penggunaan produk.,-,-,"Aging, Kusam",Membantu meningkatkan hidrasi kulit sehingga kulit tampak lebih sehat.,-,-
Saccharide Isomerate,"Normal, Berminyak, Kering, Kombinasi",Humectant yang mampu berikatan dengan keratin sehingga memberikan hidrasi jangka panjang.,-,-,"Aging, Kusam, Kemerahan",Membantu memperbaiki hidrasi kulit dan mendukung pemulihan skin barrier.,-,-
Sodium Benzoate,-,-,-,-,-,-,Kemerahan,Pada sebagian kecil individu dapat menyebabkan iritasi pada kulit yang sangat sensitif.
Aloe Barbadensis Leaf Extract,"Normal, Berminyak, Kering, Kombinasi","Memiliki efek soothing, anti-inflamasi, dan membantu menjaga kelembapan kulit.",-,-,"Berjerawat, PIE, Kemerahan, Kusam","Membantu menenangkan inflamasi, mempercepat pemulihan kulit, dan memberikan hidrasi.",-,-
Hydrolyzed Vegetable Protein,"Normal, Berminyak, Kering, Kombinasi",Membantu menjaga kelembapan dan kondisi permukaan kulit melalui efek skin conditioning.,-,-,"Aging, Kusam",Membantu meningkatkan kelembutan dan elastisitas permukaan kulit.,-,-
Cereus Grandiflorus (Cactus) Flower Extract,"Normal, Berminyak, Kering, Kombinasi",Mengandung antioksidan dan komponen pelembap alami yang cocok untuk berbagai jenis kulit.,-,-,"Aging, Kusam, Kemerahan",Membantu melindungi kulit dari stres oksidatif dan memberikan efek soothing.,-,-
Potassium Sorbate,-,-,-,-,-,-,Kemerahan,Pada sebagian kecil individu dapat memicu iritasi atau dermatitis kontak.
Sodium Hyaluronate,"Normal, Berminyak, Kering, Kombinasi",Humectant dengan kemampuan mengikat air yang sangat baik sehingga cocok untuk semua jenis kulit.,-,-,"Aging, Kusam, PIE, Kemerahan","Meningkatkan hidrasi kulit, memperbaiki skin barrier, dan mendukung proses penyembuhan kulit.",-,-
Sclerocarya Birrea (Marula) Seed Oil,"Normal, Kering, Kombinasi",Emollient kaya asam lemak dan antioksidan yang membantu memperbaiki skin barrier.,Berminyak,Pada kulit yang sangat berminyak dapat terasa terlalu kaya/berat.,"Aging, Kusam, Kemerahan","Membantu melembapkan kulit, mengurangi kehilangan air, dan memberikan perlindungan antioksidan.",-,-
Leuconostoc/Radish Root Ferment Filtrate,"Normal, Berminyak, Kering, Kombinasi",Ferment filtrate yang berfungsi sebagai skin conditioning agent dan antimikroba alami dengan toleransi kulit yang baik.,-,-,"Berjerawat, Kemerahan",Membantu menjaga keseimbangan mikrobioma kulit dan memiliki efek antimikroba ringan.,-,-
Rosa Damascena Flower Water,"Normal, Berminyak, Kering, Kombinasi",Memberikan efek menyegarkan serta memiliki aktivitas antioksidan dan anti-inflamasi ringan.,-,-,"Kusam, Kemerahan",Membantu menenangkan kulit dan memberikan efek antioksidan.,-,-
Rosa Damascena Flower Oil,-,-,"Normal, Berminyak, Kering, Kombinasi","Mengandung komponen pewangi alami (misalnya citronellol, geraniol) yang dapat memicu sensitisasi pada sebagian individu.",-,-,"Kemerahan, PIE",Berpotensi menyebabkan iritasi atau alergi kontak pada kulit yang sensitif atau sedang mengalami inflamasi.
Myristic Acid,Berminyak,Membantu membersihkan minyak dan kotoran sebagai komponen utama surfaktan pada facial wash.,Kering,Dapat menyebabkan kulit terasa lebih kering karena sifat cleansing yang cukup kuat.,-,-,Kemerahan,Berpotensi mengganggu skin barrier dan meningkatkan iritasi pada kulit yang sedang meradang.
Stearic Acid,"Normal, Berminyak, Kering, Kombinasi",Asam lemak yang berfungsi sebagai emollient sehingga membantu menjaga kelembapan kulit.,-,-,"Aging, Kusam",Membantu memperbaiki kelembapan permukaan kulit sehingga kulit terasa lebih halus.,-,-
Lauric Acid,Berminyak,Memiliki aktivitas antimikroba dan membantu mengangkat minyak berlebih pada kulit.,Kering,Dapat meningkatkan kekeringan apabila digunakan dalam formulasi sabun atau cleanser.,Berjerawat,Memiliki aktivitas antibakteri terhadap Cutibacterium acnes sehingga dapat membantu mendukung perawatan kulit berjerawat.,Kemerahan,Dapat meningkatkan iritasi pada kulit yang sedang mengalami inflamasi.
Decyl Glucoside,"Normal, Berminyak, Kering, Kombinasi",Surfactant non-ionik yang sangat lembut dan memiliki risiko iritasi rendah.,-,-,-,-,-,-
Sodium Ascorbyl Phosphate,"Normal, Berminyak, Kering, Kombinasi",Turunan Vitamin C yang stabil dan umumnya dapat ditoleransi oleh berbagai jenis kulit.,-,-,"Berjerawat, PIH, Kusam, Aging","Memiliki aktivitas antioksidan, membantu mengurangi hiperpigmentasi, serta memiliki efek antimikroba terhadap Cutibacterium acnes.",-,-
Pyridoxine HCl,"Normal, Berminyak, Kering, Kombinasi",Turunan Vitamin B6 yang membantu menjaga kondisi kulit dan umumnya aman digunakan.,-,-,Berjerawat,Membantu mengurangi produksi sebum pada beberapa formulasi kosmetik sehingga dapat mendukung kulit berjerawat.,-,-
Iodopropynyl Butylcarbamate,-,-,"Normal, Berminyak, Kering, Kombinasi",Pengawet dengan potensi menyebabkan dermatitis kontak pada individu sensitif sehingga kurang direkomendasikan sebagai ingredient yang bersentuhan lama dengan kulit.,-,-,"Kemerahan, PIE",Berpotensi memicu atau memperburuk iritasi dan reaksi alergi pada kulit yang sedang mengalami inflamasi.
Palmitic Acid,"Normal, Kering, Kombinasi",Merupakan asam lemak yang berfungsi sebagai emollient sehingga membantu menjaga kelembapan dan memperbaiki skin barrier.,Berminyak,Pada sebagian kulit yang sangat berminyak dapat terasa lebih berat atau oklusif.,"Aging, Kusam",Membantu menjaga kelembapan dan kelembutan kulit sehingga mendukung perbaikan tekstur kulit.,Berjerawat,Pada sebagian individu acne-prone dapat meningkatkan risiko pori terasa tersumbat karena sifatnya yang lebih oklusif.
Sodium Methyl Lauroyl Taurate,"Normal, Berminyak, Kering, Kombinasi","Surfactant anionik yang sangat lembut, menghasilkan busa baik tanpa banyak mengganggu skin barrier.",-,-,-,-,-,-
Hydroxystearic Acid,"Normal, Kering, Kombinasi",Berfungsi sebagai emollient yang membantu menjaga kelembapan dan kelembutan kulit.,Berminyak,Pada kulit yang sangat berminyak dapat terasa lebih berat.,"Aging, Kusam",Membantu mengurangi kekeringan dan memperbaiki kondisi permukaan kulit.,-,-
Vitis Vinifera (Grape) Seed Extract,"Normal, Berminyak, Kering, Kombinasi",Kaya polifenol dan antioksidan sehingga sesuai untuk berbagai jenis kulit.,-,-,"PIH, Aging, Kusam, Kemerahan","Antioksidan kuat (misalnya proanthocyanidins) membantu melindungi kulit dari radikal bebas, mendukung brightening, dan memiliki efek anti-inflamasi.",-,-
Collagen,"Normal, Berminyak, Kering, Kombinasi",Berfungsi sebagai humectant/film-forming agent yang membantu mempertahankan kelembapan permukaan kulit.,-,-,"Aging, Kusam",Membantu meningkatkan hidrasi permukaan kulit sehingga kulit terasa lebih halus dan tampak lebih kenyal.,-,-
Beta-Glucan,"Normal, Berminyak, Kering, Kombinasi",Humectant dan skin conditioning agent yang membantu memperkuat skin barrier serta menenangkan kulit.,-,-,"Berjerawat, PIE, Kemerahan, Aging","Memiliki efek anti-inflamasi, membantu mempercepat pemulihan skin barrier, serta meningkatkan hidrasi kulit.",-,-
PPG-24-Glycereth-24,"Normal, Berminyak, Kering, Kombinasi",Humectant yang membantu menarik dan mempertahankan kelembapan pada kulit.,-,-,"Aging, Kusam",Membantu menjaga hidrasi sehingga kulit tampak lebih sehat.,-,-
Lauryl Hydroxysultaine,"Normal, Berminyak, Kering, Kombinasi",Surfactant amfoter yang sangat lembut dengan risiko iritasi rendah.,-,-,-,-,-,-
"1,2-Hexanediol","Normal, Berminyak, Kering, Kombinasi",Humectant yang membantu menjaga kelembapan kulit sekaligus mendukung efektivitas sistem pengawet.,-,-,"Aging, Kusam",Membantu mempertahankan hidrasi kulit.,-,-
Hydroxyacetophenone,-,-,-,-,-,-,-,Antioksidan sekaligus preservative booster yang umumnya memiliki toleransi kulit yang baik dan tidak diketahui memberikan manfaat atau risiko langsung terhadap kondisi kulit yang kamu klasifikasikan.
Ethylhexylglycerin,-,-,-,-,-,-,-,"Berfungsi sebagai preservative booster dan skin conditioning agent, tetapi tidak memiliki efek yang cukup spesifik terhadap kategori jenis atau masalah kulit dalam dataset ini."
Caprylyl Glycol,"Normal, Berminyak, Kering, Kombinasi",Humectant dan skin conditioning agent yang membantu menjaga kelembapan kulit.,-,-,"Aging, Kusam",Membantu mempertahankan hidrasi sehingga kulit tampak lebih sehat.,-,-
Caprylhydroxamic Acid,-,-,-,-,-,-,Kemerahan,Pengawet dengan potensi iritasi ringan pada sebagian individu dengan kulit yang sangat sensitif atau skin barrier yang terganggu.
Lauryl Betaine,"Normal, Berminyak, Kering, Kombinasi",Surfactant amfoter yang lembut sehingga cocok untuk berbagai jenis kulit.,-,-,-,-,-,-
Sodium Cocoyl Isethionate,"Normal, Berminyak, Kering, Kombinasi",Surfactant yang sangat lembut dan membantu menjaga skin barrier saat proses pembersihan.,-,-,-,-,-,-
Quillaja Saponaria Bark Extract,"Normal, Berminyak",Mengandung saponin alami yang membantu membersihkan minyak dan kotoran.,Kering,Penggunaan berlebihan dapat meningkatkan kekeringan pada kulit yang sudah kering.,-,-,Kemerahan,Saponin dapat meningkatkan iritasi pada kulit yang skin barrier-nya terganggu.
Ceramide NP,"Normal, Berminyak, Kering, Kombinasi",Ceramide utama penyusun skin barrier sehingga cocok untuk semua jenis kulit.,-,-,"Berjerawat, PIE, Kemerahan, Aging","Memperbaiki skin barrier, mengurangi kehilangan air (TEWL), dan membantu pemulihan kulit.",-,-
Ceramide EOP,"Normal, Berminyak, Kering, Kombinasi",Membantu memperkuat struktur lipid skin barrier.,-,-,"Berjerawat, PIE, Kemerahan, Aging",Mendukung perbaikan skin barrier dan mengurangi inflamasi akibat barrier yang rusak.,-,-
Hyaluronic Acid,"Normal, Berminyak, Kering, Kombinasi",Humectant yang mampu mengikat air dalam jumlah besar sehingga meningkatkan hidrasi kulit.,-,-,"Aging, Kusam, PIE, Kemerahan",Menjaga kelembapan dan membantu pemulihan skin barrier.,-,-
Ceramide AP,"Normal, Berminyak, Kering, Kombinasi",Membantu mempertahankan integritas skin barrier dan kelembapan kulit.,-,-,"Berjerawat, PIE, Kemerahan, Aging",Mendukung perbaikan barrier dan mengurangi inflamasi.,-,-
Centella Asiatica Extract,"Normal, Berminyak, Kering, Kombinasi",Mengandung madecassoside dan asiaticoside yang bersifat soothing dan anti-inflamasi.,-,-,"Berjerawat, PIE, Kemerahan, Aging","Membantu mengurangi inflamasi, mempercepat penyembuhan luka, dan mendukung sintesis kolagen.",-,-
Ceramide AS,"Normal, Berminyak, Kering, Kombinasi",Membantu menjaga kelembapan dan memperkuat skin barrier.,-,-,"Berjerawat, PIE, Kemerahan, Aging",Mendukung fungsi skin barrier dan mengurangi kehilangan air.,-,-
Panthenol,"Normal, Berminyak, Kering, Kombinasi",Humectant dan skin protectant yang membantu memperbaiki skin barrier.,-,-,"Berjerawat, PIE, Kemerahan, Aging",Memiliki efek anti-inflamasi dan membantu regenerasi kulit.,-,-
Ceramide NS,"Normal, Berminyak, Kering, Kombinasi",Salah satu komponen lipid alami kulit yang membantu mempertahankan skin barrier.,-,-,"Berjerawat, PIE, Kemerahan, Aging",Membantu memperbaiki skin barrier dan menjaga hidrasi kulit.,-,-
Salicylic Acid,"Berminyak, Kombinasi",BHA yang larut minyak sehingga efektif bekerja di dalam pori dan membantu mengontrol sebum.,Kering,Dapat meningkatkan kekeringan apabila digunakan berlebihan pada kulit yang sudah kering.,"Berjerawat, PIH","Bersifat komedolitik, anti-inflamasi, membantu membuka pori tersumbat dan mengurangi bekas jerawat pascainflamasi.",Kemerahan,Dapat menyebabkan iritasi pada kulit dengan skin barrier yang sedang terganggu.
Arginine,"Normal, Berminyak, Kering, Kombinasi",Asam amino yang membantu menjaga hidrasi dan mendukung fungsi skin barrier.,-,-,"Aging, Kemerahan",Mendukung regenerasi kulit dan membantu proses penyembuhan.,-,-
Cetearyl Alcohol,"Normal, Kering, Kombinasi",Fatty alcohol yang berfungsi sebagai emollient sehingga membantu menjaga kelembapan kulit.,Berminyak,Pada kulit yang sangat berminyak dapat terasa lebih berat.,"Aging, Kemerahan",Membantu memperbaiki skin barrier dan mengurangi kehilangan air.,-,-
Tocopherol,"Normal, Berminyak, Kering, Kombinasi",Vitamin E alami yang berfungsi sebagai antioksidan dan melindungi kulit dari stres oksidatif.,-,-,"Aging, Kusam, PIH",Membantu melindungi kulit dari radikal bebas dan mendukung regenerasi kulit.,-,-
Ascorbic Acid,"Normal, Berminyak, Kombinasi",Vitamin C murni yang berfungsi sebagai antioksidan dan membantu sintesis kolagen.,Kering,pH yang rendah dapat menyebabkan rasa perih atau iritasi pada kulit yang sangat kering atau skin barrier terganggu.,"PIH, Kusam, Aging","Menghambat pembentukan melanin, meningkatkan produksi kolagen, dan melindungi kulit dari radikal bebas.",Kemerahan,"Pada sebagian individu dapat menyebabkan sensasi menyengat atau iritasi, terutama pada konsentrasi tinggi."
Cholesterol,"Normal, Berminyak, Kering, Kombinasi",Komponen alami skin barrier yang bekerja sinergis dengan ceramide dan asam lemak untuk menjaga kelembapan kulit.,-,-,"Berjerawat, PIE, Kemerahan, Aging",Membantu memperbaiki skin barrier dan mengurangi kehilangan air.,-,-
Phytosphingosine,"Normal, Berminyak, Kering, Kombinasi",Lipid alami kulit yang berperan dalam pembentukan ceramide dan menjaga skin barrier.,-,-,"Berjerawat, PIE, Kemerahan, Aging","Memiliki aktivitas antimikroba ringan, anti-inflamasi, dan membantu memperbaiki skin barrier.",-,-
Tranexamic Acid,"Normal, Berminyak, Kering, Kombinasi",Umumnya ditoleransi dengan baik oleh berbagai jenis kulit dan tidak mengganggu skin barrier.,-,-,"PIH, PIE, Kusam","Menghambat jalur pembentukan melanin melalui inhibisi plasmin sehingga efektif membantu mengurangi hiperpigmentasi pascainflamasi (PIH), membantu meredakan kemerahan pascainflamasi (PIE), dan mencerahkan kulit kusam.",-,-
Amino Acid,"Normal, Berminyak, Kering, Kombinasi",Asam amino merupakan bagian dari Natural Moisturizing Factor (NMF) yang membantu mempertahankan hidrasi dan fungsi skin barrier.,-,-,"Aging, Kemerahan","Membantu menjaga hidrasi, mendukung perbaikan skin barrier, dan mengurangi kehilangan air sehingga kulit lebih sehat dan nyaman.",-,-
Pantolactone,"Normal, Berminyak, Kering, Kombinasi",Turunan panthenol yang berfungsi sebagai humectant dan skin conditioning agent sehingga membantu menjaga kelembapan serta mendukung fungsi skin barrier.,-,-,"Aging, Kemerahan",Membantu meningkatkan hidrasi kulit dan mendukung pemulihan skin barrier sehingga kulit terasa lebih nyaman dan tampak lebih sehat.,-,-
Sodium Lauroyl Sarcosinate,"Normal, Berminyak, Kering, Kombinasi",Surfactant anionik yang tergolong lembut dan membantu membersihkan kulit tanpa banyak mengganggu skin barrier.,-,-,-,-,-,-
Allantoin,"Normal, Berminyak, Kering, Kombinasi",Skin protectant yang membantu menjaga kelembapan dan mendukung pemulihan skin barrier sehingga cocok untuk semua jenis kulit.,-,-,"Berjerawat, PIE, Kemerahan","Memiliki efek soothing, membantu mengurangi iritasi, dan mendukung regenerasi kulit sehingga bermanfaat pada kulit yang mengalami inflamasi ringan.",-,-
Alpha-Arbutin,"Normal, Berminyak, Kering, Kombinasi",Umumnya ditoleransi dengan baik oleh berbagai jenis kulit dan memiliki risiko iritasi yang rendah.,-,-,"PIH, Kusam",Menghambat aktivitas enzim tirosinase sehingga membantu mengurangi hiperpigmentasi dan mencerahkan warna kulit.,-,-
Glutathione,"Normal, Berminyak, Kering, Kombinasi",Antioksidan yang membantu melindungi kulit dari stres oksidatif dan umumnya aman digunakan pada berbagai jenis kulit.,-,-,"PIH, Kusam, Aging",Membantu mengurangi pembentukan melanin melalui mekanisme antioksidan dan mendukung perlindungan kulit terhadap radikal bebas.,-,-
Honey / Mel,"Normal, Berminyak, Kering, Kombinasi",Humectant alami yang membantu mempertahankan kelembapan kulit serta memiliki aktivitas antimikroba dan antioksidan ringan.,-,-,"Berjerawat, Kemerahan, Aging, Kusam","Membantu menjaga hidrasi kulit, menenangkan inflamasi ringan, serta mendukung proses penyembuhan dan perlindungan dari radikal bebas.",-,-
Dimethicone,"Normal, Berminyak, Kering, Kombinasi",Silicone-based skin protectant yang membentuk lapisan pelindung untuk mengurangi kehilangan air tanpa bersifat komedogenik pada sebagian besar kulit.,-,-,"Aging, Kemerahan","Membantu memperbaiki skin barrier, mengurangi TEWL (Transepidermal Water Loss), dan menjaga kelembapan kulit.",-,-
Vitamin C / Ascorbic Acid,"Normal, Berminyak, Kombinasi",Antioksidan yang membantu melindungi kulit dari radikal bebas dan umumnya ditoleransi baik oleh sebagian besar jenis kulit.,Kering,Pada formulasi dengan pH rendah atau konsentrasi tinggi dapat menyebabkan rasa perih dan iritasi pada kulit yang sangat kering atau skin barrier terganggu.,"PIH, Kusam, Aging","Membantu menghambat enzim tirosinase sehingga mengurangi hiperpigmentasi, meningkatkan sintesis kolagen, dan melindungi kulit dari stres oksidatif.",Kemerahan,"Pada sebagian individu dapat menyebabkan sensasi menyengat atau iritasi, terutama pada konsentrasi tinggi atau kulit sensitif."
Vitamin E / Tocopherol,"Normal, Berminyak, Kering, Kombinasi",Antioksidan yang membantu melindungi kulit dari kerusakan akibat radikal bebas serta mendukung fungsi skin barrier.,-,-,"Aging, Kusam, PIH","Membantu mengurangi stres oksidatif, menjaga kelembapan kulit, dan mendukung proses regenerasi kulit.",-,-
Olive Oil / Olea Europaea Fruit Oil,"Normal, Kering, Kombinasi",Kaya akan asam lemak dan antioksidan sehingga membantu melembapkan dan memperbaiki skin barrier.,Berminyak,Pada kulit yang sangat berminyak atau acne-prone dapat terasa terlalu oklusif dan meningkatkan risiko pori tersumbat pada sebagian individu.,"Aging, Kusam","Membantu meningkatkan kelembapan, elastisitas, dan kelembutan kulit.",Berjerawat,Pada sebagian individu acne-prone dapat memperburuk komedo atau pori tersumbat karena sifatnya yang cukup oklusif.
Rosemary Oil / Rosmarinus Officinalis Leaf Oil,-,-,"Normal, Berminyak, Kering, Kombinasi","Essential oil yang mengandung senyawa aromatik seperti camphor, cineole, dan limonene yang berpotensi menyebabkan iritasi atau sensitisasi.",-,-,"Kemerahan, PIE","Berpotensi memicu iritasi, sensasi terbakar, atau memperburuk inflamasi pada kulit sensitif maupun kulit dengan skin barrier yang terganggu."